Author ID,Author Name,Paper IDs
2285461,S. Cowin,2808c73101b9f4cf99334c94398da178f26161cc ff76ec2e54d086cf21010ac93c0761fa6e973a17 26bb5fc74d9e293e158b0f7a3ea386d114416994
5090496,J. Currey,f293abfbb04d8ce7c8277bf5dcdc484ce2622481
3039810,D. Pahr,64b23a9eeb05f6ddb6172fc4fb193956b8bda8ef c696e3223c47cc8c383625699d42b546afd97111 34df9f7b48dcbea0ecdc17ad303691b7d02795bd 1ccaf0094701414bcce6c046654e8fc5e44f2b45 79620ccf1992319f61e12c0264a0a6de19775cce 8f336e98a6444b23915a37fdea94b758ff238707 2956968c136b850c22a44ae94e89bf6d02947f3b 8555d58b948fd5903b5b0968b3c0694481af5e0c ba72d192d9f97ac15cb80addbefb0eadf9fe648e
40482134,A. Reisinger,64b23a9eeb05f6ddb6172fc4fb193956b8bda8ef
21430571,Q. He,27f69ed85d41b5e9c36627b1167556f7e2340882
49924731,A. Curnier,27f69ed85d41b5e9c36627b1167556f7e2340882 580650f41f6c9c617ec634a94bc7f7c559bda078 acfc96b5ef994ef3a5b13aa2ea9d9fff44e3919f c7a032c2c6bf8d7a0758b6bd4f22564532aa9800
4099041,T. Harrigan,440abe997a380bb6a2ab31b8c6281410c10aa592
47409127,R. Mann,440abe997a380bb6a2ab31b8c6281410c10aa592
49758507,J. Mandel,7603918300efd09869062077125ed1ca15b5f1dd
49044588,R. Moreno,2926595b682fab9594fc25f58ce9953c44528443
145290346,M. Borga,2926595b682fab9594fc25f58ce9953c44528443
2534510,Ö. Smedby,2926595b682fab9594fc25f58ce9953c44528443
1561165594,Jing Lian,ae093b97bd711a1d7e209d04c3367a73bb5e2dff
2149232984,Zhen Yang,ae093b97bd711a1d7e209d04c3367a73bb5e2dff
2108324267,Jizhao Liu,ae093b97bd711a1d7e209d04c3367a73bb5e2dff
145180813,Wenhao Sun,ae093b97bd711a1d7e209d04c3367a73bb5e2dff
2149971652,Li Zheng,ae093b97bd711a1d7e209d04c3367a73bb5e2dff
2133926214,Xiaogang Du,ae093b97bd711a1d7e209d04c3367a73bb5e2dff
1576693208,Zetong Yi,ae093b97bd711a1d7e209d04c3367a73bb5e2dff
2075334831,Bin Shi,ae093b97bd711a1d7e209d04c3367a73bb5e2dff
1756244,Yide Ma,ae093b97bd711a1d7e209d04c3367a73bb5e2dff
3132199,H. Zhuang,8903d7043a139c1946fc9a4f50b895caaede1533
145466302,K. Low,8903d7043a139c1946fc9a4f50b895caaede1533
145492070,W. Yau,8903d7043a139c1946fc9a4f50b895caaede1533
2239381481,Brian K. Bay,71ec39f4863a8d7d68004a7477af73b540ab93e9
1396820624,E. Dall'Ara,329429a7c993020e2e9a8fede564549f7c03eadd 696a41c2afd4a66e17ea36fcb51460625b1888ba 79bab37919df133e92f9032f072cf72771ccf981 ba72d192d9f97ac15cb80addbefb0eadf9fe648e
5858565,G. Tozzi,329429a7c993020e2e9a8fede564549f7c03eadd
1737326,O. Ronneberger,6364fdaa0a0eccd823a779fcdd489173f938e91a
152702479,P. Fischer,6364fdaa0a0eccd823a779fcdd489173f938e91a
1710872,T. Brox,6364fdaa0a0eccd823a779fcdd489173f938e91a
1918754,K. Zhan,f2ce025d161fc4a4b04f95f7ebec8f4548e2b6a2
2112852081,Jinhui Shi,f2ce025d161fc4a4b04f95f7ebec8f4548e2b6a2
46507139,Haibo Wang,f2ce025d161fc4a4b04f95f7ebec8f4548e2b6a2
19217777,Yuange Xie,f2ce025d161fc4a4b04f95f7ebec8f4548e2b6a2
2108511025,Qiaoqiao Li,f2ce025d161fc4a4b04f95f7ebec8f4548e2b6a2
16729445,R. Courant,efa32848ae69aba45d37e02b872272b87e36d020
152450400,Wing Kam Liu,17a37c13a4f1eaa0c5fa3b6e51f1f0cc69cb4110
2086438,Shaofan Li,17a37c13a4f1eaa0c5fa3b6e51f1f0cc69cb4110
4159960,Harold S. Park,17a37c13a4f1eaa0c5fa3b6e51f1f0cc69cb4110
119893537,H. Hosseini,c696e3223c47cc8c383625699d42b546afd97111
2910343,P. Zysset,c696e3223c47cc8c383625699d42b546afd97111 f37c28adc2881aca4fd5969c2b49b3518b81f673 5711a7537804569151c82cf1b9cdeb44964ef632 59be96fe78ddef6dc8d60dffbb3ec0dc56525b48 912291ba4319af746fb628c0b7e659c70573b369 8701ddcbc7a956f73d81c588974ae23e2352c9dd 755a8ad46a3a9cbb1b8870e11adb3b599046f3ff fb18768a144f7f4dd3ca48a8d76e6f5faaf55ad2 34df9f7b48dcbea0ecdc17ad303691b7d02795bd 580650f41f6c9c617ec634a94bc7f7c559bda078 dea8075cc7fa43811b84cff0fde8ee2cc42e78eb 9d85868d7cb5286ad044a190775f5121d6af9c5b 12a6cd79f8d476fb2263c6f578330b2d1e9c4f9f 1ccaf0094701414bcce6c046654e8fc5e44f2b45 d295b1155a1a06096aa0ab763857afc0dfe56855 8f336e98a6444b23915a37fdea94b758ff238707 2956968c136b850c22a44ae94e89bf6d02947f3b 696a41c2afd4a66e17ea36fcb51460625b1888ba 8555d58b948fd5903b5b0968b3c0694481af5e0c ba72d192d9f97ac15cb80addbefb0eadf9fe648e a77448d31417004dde45d75309c05a9d98216188 c7a032c2c6bf8d7a0758b6bd4f22564532aa9800
3589473,S. Budday,b8fc77469064106b88538a175649d00af55f741b
6110024,T. Ovaert,b8fc77469064106b88538a175649d00af55f741b
2571471,G. Holzapfel,b8fc77469064106b88538a175649d00af55f741b 07a23efa5448264639997615cea4c2d93905c3e3 3de083d97646fb90b569115bedbbaab412e61a39
31673416,P. Steinmann,b8fc77469064106b88538a175649d00af55f741b
2307122,E. Kuhl,b8fc77469064106b88538a175649d00af55f741b
1742194711,H. Holthusen,5e648b8c40a2ab9f8b08cbc20f164ee4d5f04628
2145819158,L. Lamm,5e648b8c40a2ab9f8b08cbc20f164ee4d5f04628
73185868,T. Brepols,5e648b8c40a2ab9f8b08cbc20f164ee4d5f04628
2238149313,Stefanie Reese,5e648b8c40a2ab9f8b08cbc20f164ee4d5f04628
2266397454,Ellen Kuhl,5e648b8c40a2ab9f8b08cbc20f164ee4d5f04628
2044297103,Denisa Martonová,07a23efa5448264639997615cea4c2d93905c3e3
13701189,M. Peirlinck,07a23efa5448264639997615cea4c2d93905c3e3
2344160979,Kevin Linka,07a23efa5448264639997615cea4c2d93905c3e3 3de083d97646fb90b569115bedbbaab412e61a39 60c9a2b73be151bd622ae1be60fb16e19bb8079b 200655dc975e870e69368b9f30fdb78bdcd351ea 4918d9dc9f069330c4bfd02c64b7a6b551e1b8b9
2213334175,Sigrid Leyendecker,07a23efa5448264639997615cea4c2d93905c3e3
74021861,E. Kuhl,07a23efa5448264639997615cea4c2d93905c3e3 3de083d97646fb90b569115bedbbaab412e61a39 60c9a2b73be151bd622ae1be60fb16e19bb8079b 200655dc975e870e69368b9f30fdb78bdcd351ea 4918d9dc9f069330c4bfd02c64b7a6b551e1b8b9
4881755,A. B. Tepole,3de083d97646fb90b569115bedbbaab412e61a39
2070898413,S. S. Pierre,60c9a2b73be151bd622ae1be60fb16e19bb8079b
22170744,Jian-Ying Wu,1a7534e22eacda2f60c7b44c7cdf3934cdbba61e
35089024,Vinh Phu Nguyen,1a7534e22eacda2f60c7b44c7cdf3934cdbba61e
47047718,C. Nguyen,1a7534e22eacda2f60c7b44c7cdf3934cdbba61e
102151620,D. Sutula,1a7534e22eacda2f60c7b44c7cdf3934cdbba61e
9544203,Sina Sinaie,1a7534e22eacda2f60c7b44c7cdf3934cdbba61e
145861350,S. Bordas,1a7534e22eacda2f60c7b44c7cdf3934cdbba61e
49132574,D. Casari,f37c28adc2881aca4fd5969c2b49b3518b81f673 5711a7537804569151c82cf1b9cdeb44964ef632
2844802,J. Michler,f37c28adc2881aca4fd5969c2b49b3518b81f673 5711a7537804569151c82cf1b9cdeb44964ef632 59be96fe78ddef6dc8d60dffbb3ec0dc56525b48
16289041,J. Schwiedrzik,f37c28adc2881aca4fd5969c2b49b3518b81f673 5711a7537804569151c82cf1b9cdeb44964ef632 59be96fe78ddef6dc8d60dffbb3ec0dc56525b48 755a8ad46a3a9cbb1b8870e11adb3b599046f3ff fb18768a144f7f4dd3ca48a8d76e6f5faaf55ad2 34df9f7b48dcbea0ecdc17ad303691b7d02795bd
150215172,Michael Indermaur,5711a7537804569151c82cf1b9cdeb44964ef632
91439531,T. Kochetkova,5711a7537804569151c82cf1b9cdeb44964ef632 59be96fe78ddef6dc8d60dffbb3ec0dc56525b48
145253675,C. Peruzzi,5711a7537804569151c82cf1b9cdeb44964ef632 59be96fe78ddef6dc8d60dffbb3ec0dc56525b48
48076481,E. Zimmermann,5711a7537804569151c82cf1b9cdeb44964ef632 b257fac6b3b5dcf92cbae0901ffe7249d3dad884 cbd737ccb695e51721d4324c95501f75b10a7e8f
143946552,F. Rauch,5711a7537804569151c82cf1b9cdeb44964ef632
3757851,B. Willie,5711a7537804569151c82cf1b9cdeb44964ef632
153139928,O. Braun,59be96fe78ddef6dc8d60dffbb3ec0dc56525b48
33086325,Jan Overbeck,59be96fe78ddef6dc8d60dffbb3ec0dc56525b48
89989764,Anjani K. Maurya,59be96fe78ddef6dc8d60dffbb3ec0dc56525b48
152286136,A. Neels,59be96fe78ddef6dc8d60dffbb3ec0dc56525b48
2202908,M. Calame,59be96fe78ddef6dc8d60dffbb3ec0dc56525b48
5205398,Susanne Schrof,b3b761e8990995e6a3ad548858ebadc4471240f0 79620ccf1992319f61e12c0264a0a6de19775cce
144525097,P. Varga,b3b761e8990995e6a3ad548858ebadc4471240f0 71f86f63df608c46d26654dc8f55e471f2dcaf41 79620ccf1992319f61e12c0264a0a6de19775cce ba72d192d9f97ac15cb80addbefb0eadf9fe648e
4198273,L. Galvis,b3b761e8990995e6a3ad548858ebadc4471240f0
3058537,K. Raum,b3b761e8990995e6a3ad548858ebadc4471240f0 f8c2eb6866be1ff28af8dafab5d88a20917d1471 71f86f63df608c46d26654dc8f55e471f2dcaf41 79620ccf1992319f61e12c0264a0a6de19775cce
5888016,A. Masic,b3b761e8990995e6a3ad548858ebadc4471240f0
36661418,W. Oliver,9657ee59d6153ff7b998b429d619839545202448
91518582,G. Pharr,9657ee59d6153ff7b998b429d619839545202448
3131285,S. Bernard,937a41191456629efe00597cccc3d480b47d32f2
3678443,Q. Grimal,937a41191456629efe00597cccc3d480b47d32f2 f8c2eb6866be1ff28af8dafab5d88a20917d1471 71f86f63df608c46d26654dc8f55e471f2dcaf41 e58af76db93c4d6bec95867ae5b7ee77fbc6afc1
50517013,P. Laugier,937a41191456629efe00597cccc3d480b47d32f2 f8c2eb6866be1ff28af8dafab5d88a20917d1471 e58af76db93c4d6bec95867ae5b7ee77fbc6afc1
14105036,Joost A J van der Rijt,253e373e88435e2b6d6569d123d8b5244279a539
5066464,K. O. van der Werf,253e373e88435e2b6d6569d123d8b5244279a539
4799798,M. Bennink,253e373e88435e2b6d6569d123d8b5244279a539
9805183,P. Dijkstra,253e373e88435e2b6d6569d123d8b5244279a539
143623366,J. Feijen,253e373e88435e2b6d6569d123d8b5244279a539
50009716,G. Franzoso,8701ddcbc7a956f73d81c588974ae23e2352c9dd
3485503,U. Wolfram,fb18768a144f7f4dd3ca48a8d76e6f5faaf55ad2 34df9f7b48dcbea0ecdc17ad303691b7d02795bd
49773640,Thomas G. Gross,34df9f7b48dcbea0ecdc17ad303691b7d02795bd 12a6cd79f8d476fb2263c6f578330b2d1e9c4f9f 1ccaf0094701414bcce6c046654e8fc5e44f2b45
144793101,H. Wilke,34df9f7b48dcbea0ecdc17ad303691b7d02795bd
46462461,André Gutiérrez Marty,29c879fd55e949fe34a7cad48e9b4758c7af88b3
2230987,P. Barbone,29c879fd55e949fe34a7cad48e9b4758c7af88b3
11049913,E. Morgan,29c879fd55e949fe34a7cad48e9b4758c7af88b3 a169125cebb03ba7d2bb7a6ffa25b4106fcdfc55 603a7759914ea695af6fbf373340e4a2e5d1c049
2082309574,D. Garcia,580650f41f6c9c617ec634a94bc7f7c559bda078
144639366,M. Charlebois,580650f41f6c9c617ec634a94bc7f7c559bda078
2472427,B. Helgason,0b01d812426bd13ce8d8bd9f762ba9f4dd10d428 9d85868d7cb5286ad044a190775f5121d6af9c5b
6138544,E. Perilli,0b01d812426bd13ce8d8bd9f762ba9f4dd10d428
9266668,E. Schileo,0b01d812426bd13ce8d8bd9f762ba9f4dd10d428 073ed527eee98929b52f2c53a063a60ae6158160
34907118,F. Taddei,0b01d812426bd13ce8d8bd9f762ba9f4dd10d428 073ed527eee98929b52f2c53a063a60ae6158160
6597016,S. Brynjólfsson,0b01d812426bd13ce8d8bd9f762ba9f4dd10d428
3011990,M. Viceconti,0b01d812426bd13ce8d8bd9f762ba9f4dd10d428
2109944312,Guoyu Yang,2301cd5dcdb4a9efbe39ee3c7833d9120e070c1a
1394373718,J. Kabel,2301cd5dcdb4a9efbe39ee3c7833d9120e070c1a
122216655,B. van Rietbergen,2301cd5dcdb4a9efbe39ee3c7833d9120e070c1a
145594122,A. Odgaard,2301cd5dcdb4a9efbe39ee3c7833d9120e070c1a
86902192,R. Huiskes,2301cd5dcdb4a9efbe39ee3c7833d9120e070c1a 5b3b9db380327b1f5a91d307102a3682d4f9d4e8
1455008456,Stephen C. Cown,2301cd5dcdb4a9efbe39ee3c7833d9120e070c1a
31937071,F. Sabet,ac7b39c07bdcd933f9801e741b1dead07fe23022
13260900,Ahmad Raeisi Najafi,ac7b39c07bdcd933f9801e741b1dead07fe23022
2833872,E. Hamed,ac7b39c07bdcd933f9801e741b1dead07fe23022 2487941be2c390f9b7980cd96c9d484b0da3972a
46343924,I. Jasiuk,ac7b39c07bdcd933f9801e741b1dead07fe23022 2487941be2c390f9b7980cd96c9d484b0da3972a
2423230,L. Breiman,8e0be569ea77b8cb29bb0e8b031887630fe7a96c
24425736,Hang Ping,a4cf7e25558c1b49579dea7ad9bf712f40ee9bba
5330875,W. Wagermaier,a4cf7e25558c1b49579dea7ad9bf712f40ee9bba 227e5a4a90c5c21069ddccf09a6302052b52d036 bbd0fe62a8a7196f1643bd83af1f04c4176be0f1
23248038,Nils Horbelt,a4cf7e25558c1b49579dea7ad9bf712f40ee9bba
2352614,E. Scoppola,a4cf7e25558c1b49579dea7ad9bf712f40ee9bba
2128662501,Chenghao Li,a4cf7e25558c1b49579dea7ad9bf712f40ee9bba
2120640337,Peter Werner,a4cf7e25558c1b49579dea7ad9bf712f40ee9bba
115254850,Z. Fu,a4cf7e25558c1b49579dea7ad9bf712f40ee9bba
4242742,P. Fratzl,a4cf7e25558c1b49579dea7ad9bf712f40ee9bba 227e5a4a90c5c21069ddccf09a6302052b52d036 97b5bbd4d8164a7157629e858c12040dd612cdf0
50290971,R. Goulet,dea8075cc7fa43811b84cff0fde8ee2cc42e78eb
3625263,S. Hollister,dea8075cc7fa43811b84cff0fde8ee2cc42e78eb
2918313,D. Burr,784bbb1bf40f2d003a13700fff0977e372ec11d9
152398506,E. Seeman,d5255aa2d8c36001a569f0e79dac3a1c335258af
1696132,P. Delmas,d5255aa2d8c36001a569f0e79dac3a1c335258af
6021593,M. Kerschnitzki,227e5a4a90c5c21069ddccf09a6302052b52d036 bbd0fe62a8a7196f1643bd83af1f04c4176be0f1
6314197,Philip Kollmannsberger,227e5a4a90c5c21069ddccf09a6302052b52d036 bbd0fe62a8a7196f1643bd83af1f04c4176be0f1
30147407,M. Burghammer,227e5a4a90c5c21069ddccf09a6302052b52d036
3211674,G. Duda,227e5a4a90c5c21069ddccf09a6302052b52d036
2755403,R. Weinkamer,227e5a4a90c5c21069ddccf09a6302052b52d036 bbd0fe62a8a7196f1643bd83af1f04c4176be0f1
2268879796,Gwendolen C. Reilly,d83ad588f659b4a5723e386b3bc439f0cf5689a6
2242448730,J. Currey,d83ad588f659b4a5723e386b3bc439f0cf5689a6
1796681,J. Nyman,040a0bb36045fe21fdcc8da1a1937de0615b9bd8
40266674,M. Reyes,040a0bb36045fe21fdcc8da1a1937de0615b9bd8
9293578,Xiaodun Wang,040a0bb36045fe21fdcc8da1a1937de0615b9bd8 afd7a72662189fc58fc1a736c9ee86a33908ed27
2118208439,Dan Wu,0c4b6dd2bdc9a5cfc525029423ccbbb8a6431b65
153402462,P. Isaksson,0c4b6dd2bdc9a5cfc525029423ccbbb8a6431b65
47404145,S. Ferguson,0c4b6dd2bdc9a5cfc525029423ccbbb8a6431b65 9d85868d7cb5286ad044a190775f5121d6af9c5b
2569260,C. Persson,0c4b6dd2bdc9a5cfc525029423ccbbb8a6431b65
32661031,P. R. Townsend,9ee52726ba738ce07b114f0b94e415876b59da60
2239293955,Robert M. Rose,9ee52726ba738ce07b114f0b94e415876b59da60
2239292635,E. Radin,9ee52726ba738ce07b114f0b94e415876b59da60
2688963,C. Hellmich,db0d7fa9a7e0c5b0ebedc1aaf108b723ff4ab514
1729391762,Niketa Ukaj,db0d7fa9a7e0c5b0ebedc1aaf108b723ff4ab514
116202223,B. Smeets,db0d7fa9a7e0c5b0ebedc1aaf108b723ff4ab514
117141054,H. Van Oosterwyck,db0d7fa9a7e0c5b0ebedc1aaf108b723ff4ab514
1712040,N. Filipovic,db0d7fa9a7e0c5b0ebedc1aaf108b723ff4ab514
1584350119,Luis Zelaya-Lainez,db0d7fa9a7e0c5b0ebedc1aaf108b723ff4ab514
103770142,Johannes Kalliauer,db0d7fa9a7e0c5b0ebedc1aaf108b723ff4ab514
21110655,S. Scheiner,db0d7fa9a7e0c5b0ebedc1aaf108b723ff4ab514
50530073,Wen Yang,d1d67ea5197642811dda06a4e8b40d5085b02884
20781843,M. Meyers,d1d67ea5197642811dda06a4e8b40d5085b02884
2220649,R. Ritchie,d1d67ea5197642811dda06a4e8b40d5085b02884 b257fac6b3b5dcf92cbae0901ffe7249d3dad884 cbd737ccb695e51721d4324c95501f75b10a7e8f
5872256,N. Reznikov,f824b94b7979736b9c96ae3a649ac84104c3b13d
2216378,R. Shahar,f824b94b7979736b9c96ae3a649ac84104c3b13d
144690216,S. Weiner,f824b94b7979736b9c96ae3a649ac84104c3b13d
1800753,A. Gerisch,f8c2eb6866be1ff28af8dafab5d88a20917d1471
4790551,D. Vashishth,3ea6b1eaf95453cfe05739d1b7641274c47479cb
29856683,I. Fleps,9d85868d7cb5286ad044a190775f5121d6af9c5b
29828432,H. Bahaloo,9d85868d7cb5286ad044a190775f5121d6af9c5b
1889946,H. Pálsson,9d85868d7cb5286ad044a190775f5121d6af9c5b
3095569,S. Eswaran,fc0be9421a9067280ae21b51e87b06e46e764917
2145004344,Atul Gupta,fc0be9421a9067280ae21b51e87b06e46e764917
2113471762,Mark F. Adams,fc0be9421a9067280ae21b51e87b06e46e764917
2011184,T. Keaveny,fc0be9421a9067280ae21b51e87b06e46e764917
7341763,E. Novitskaya,2487941be2c390f9b7980cd96c9d484b0da3972a
120126017,Po-Yu Chen,2487941be2c390f9b7980cd96c9d484b0da3972a
2256350185,Jun Li,2487941be2c390f9b7980cd96c9d484b0da3972a
4083052,V. Lubarda,2487941be2c390f9b7980cd96c9d484b0da3972a
143604978,J. McKittrick,2487941be2c390f9b7980cd96c9d484b0da3972a
48671711,B. Hoffmeister,c3f0084661b7d63c8ba7f067ec5c36d19be38bb4
2111645190,S. R. Smith,c3f0084661b7d63c8ba7f067ec5c36d19be38bb4
6674858,S. M. Handley,c3f0084661b7d63c8ba7f067ec5c36d19be38bb4
6506772,J. Rho,c3f0084661b7d63c8ba7f067ec5c36d19be38bb4
52626964,G. Unnikrisnan,a169125cebb03ba7d2bb7a6ffa25b4106fcdfc55
6794979,A. Hussein,a169125cebb03ba7d2bb7a6ffa25b4106fcdfc55
118335688,G. Osterhoff,603a7759914ea695af6fbf373340e4a2e5d1c049 970bb299cbba832214e24aa7daa78228e9a6a62a
2156676,S. Shefelbine,603a7759914ea695af6fbf373340e4a2e5d1c049 21977ff061970bb2ab914d9782bca8ca54004a0f
14038938,L. Karim,603a7759914ea695af6fbf373340e4a2e5d1c049
32080771,L. McNamara,603a7759914ea695af6fbf373340e4a2e5d1c049
6067848,P. Augat,603a7759914ea695af6fbf373340e4a2e5d1c049
8400126,Ghislain Maquer,12a6cd79f8d476fb2263c6f578330b2d1e9c4f9f 696a41c2afd4a66e17ea36fcb51460625b1888ba
12061707,S. Musy,12a6cd79f8d476fb2263c6f578330b2d1e9c4f9f
39310820,Jasmin Wandel,12a6cd79f8d476fb2263c6f578330b2d1e9c4f9f
6419590,A. Ascenzi,5e02ffbfb161adfa5cb0308e0f8dcbd22f7147fd 398a34459d7476628d7faeb9e4c97a05df01d31d 31d454835d9994d12818d7dbeb0f8191dd4b4f11 4a0c1960d75bc8a2b7a4d6cb166cf2ea263ceb65 1a22498b61024ad5c00d6b14e87822a7032e3b7a
4877058,P. Baschieri,5e02ffbfb161adfa5cb0308e0f8dcbd22f7147fd 398a34459d7476628d7faeb9e4c97a05df01d31d
48431628,A. Benvenuti,5e02ffbfb161adfa5cb0308e0f8dcbd22f7147fd 398a34459d7476628d7faeb9e4c97a05df01d31d
5774824,E. Bonucci,31d454835d9994d12818d7dbeb0f8191dd4b4f11 4a0c1960d75bc8a2b7a4d6cb166cf2ea263ceb65 1a22498b61024ad5c00d6b14e87822a7032e3b7a
1918464,F. Repp,bbd0fe62a8a7196f1643bd83af1f04c4176be0f1
5590242,A. Roschger,bbd0fe62a8a7196f1643bd83af1f04c4176be0f1
5499420,A. Berzlanovich,bbd0fe62a8a7196f1643bd83af1f04c4176be0f1
145519262,G. Gruber,bbd0fe62a8a7196f1643bd83af1f04c4176be0f1
4264036,P. Roschger,bbd0fe62a8a7196f1643bd83af1f04c4176be0f1
72418189,Y. Obata,e5a837916c574d61a7f650e27e721426522aa055
2904343,H. Bale,e5a837916c574d61a7f650e27e721426522aa055
32401743,H. Barnard,e5a837916c574d61a7f650e27e721426522aa055
49580259,D. Parkinson,e5a837916c574d61a7f650e27e721426522aa055
5739524,T. Alliston,e5a837916c574d61a7f650e27e721426522aa055
40620359,Claire Acevedo,e5a837916c574d61a7f650e27e721426522aa055
24636316,Boliang Yu,4d9cc66be1dbd03a9569e1f3148458caddd2fdd0
40072514,R. Gauthier,4d9cc66be1dbd03a9569e1f3148458caddd2fdd0
5087347,C. Olivier,4d9cc66be1dbd03a9569e1f3148458caddd2fdd0 e58af76db93c4d6bec95867ae5b7ee77fbc6afc1
2243435292,Julie Villanova,4d9cc66be1dbd03a9569e1f3148458caddd2fdd0
2219956,H. Follet,4d9cc66be1dbd03a9569e1f3148458caddd2fdd0
2272878769,David Mitton,4d9cc66be1dbd03a9569e1f3148458caddd2fdd0
2243015479,Françoise Peyrin,4d9cc66be1dbd03a9569e1f3148458caddd2fdd0
2970248,S. Warden,e8a5a8ebbf670e5794246d8d30ffd0457711ffdd
26542460,Christian S Wright,e8a5a8ebbf670e5794246d8d30ffd0457711ffdd
2803490,R. Fuchs,e8a5a8ebbf670e5794246d8d30ffd0457711ffdd
51263476,Danielle E. Whittier,2d847c882dcab4d4938612e6820ad3bb4dd553df
2256659907,STEVEN K. Boyd,2d847c882dcab4d4938612e6820ad3bb4dd553df
145577947,A. Burghardt,2d847c882dcab4d4938612e6820ad3bb4dd553df
2241084609,Julien Paccou,2d847c882dcab4d4938612e6820ad3bb4dd553df
1397689454,A. Ghasem-Zadeh,2d847c882dcab4d4938612e6820ad3bb4dd553df
2241989388,Roland Chapurlat,2d847c882dcab4d4938612e6820ad3bb4dd553df
2253970891,K. Engelke,2d847c882dcab4d4938612e6820ad3bb4dd553df
6272001,M. Bouxsein,2d847c882dcab4d4938612e6820ad3bb4dd553df
31310444,M. Balda,b8f3db259c8ac35c8cb1c8fcac7379ae96f36399
2122136364,Alice Dudle,7a5e5f6c6364cbd54000d5bcb7277b986722541e
101304059,Yvan Gugler,7a5e5f6c6364cbd54000d5bcb7277b986722541e
19174064,Osman Berk Satir,7a5e5f6c6364cbd54000d5bcb7277b986722541e
151049354,J. Gewiess,7a5e5f6c6364cbd54000d5bcb7277b986722541e
2244108909,Stefan Klein,7a5e5f6c6364cbd54000d5bcb7277b986722541e
2237707092,Philippe Zysset,7a5e5f6c6364cbd54000d5bcb7277b986722541e
2109245865,J. Adams,687a842a8ce11a3a12001c987558d5ee2be0dae1
1994754208,Katherine A Williams,80708f2ab7eeaf1bea99e6c56259a4e6681b1772
4301199,N. J. Gostling,80708f2ab7eeaf1bea99e6c56259a4e6681b1772
31408081,J. Steer,80708f2ab7eeaf1bea99e6c56259a4e6681b1772
6954971,R. Oreffo,80708f2ab7eeaf1bea99e6c56259a4e6681b1772
144941565,P. Schneider,80708f2ab7eeaf1bea99e6c56259a4e6681b1772
2052289872,Pei Dong,f0d720cf7eeaaa7feec9c83f99d26523d03d3aad
3130423,S. Haupert,f0d720cf7eeaaa7feec9c83f99d26523d03d3aad
1909222,B. Hesse,f0d720cf7eeaaa7feec9c83f99d26523d03d3aad 71f86f63df608c46d26654dc8f55e471f2dcaf41 79620ccf1992319f61e12c0264a0a6de19775cce
144372724,M. Langer,f0d720cf7eeaaa7feec9c83f99d26523d03d3aad 71f86f63df608c46d26654dc8f55e471f2dcaf41 79620ccf1992319f61e12c0264a0a6de19775cce
50608301,P. Gouttenoire,f0d720cf7eeaaa7feec9c83f99d26523d03d3aad e58af76db93c4d6bec95867ae5b7ee77fbc6afc1
2827371,V. Bousson,f0d720cf7eeaaa7feec9c83f99d26523d03d3aad
2664608,F. Peyrin,f0d720cf7eeaaa7feec9c83f99d26523d03d3aad 71f86f63df608c46d26654dc8f55e471f2dcaf41 79620ccf1992319f61e12c0264a0a6de19775cce e58af76db93c4d6bec95867ae5b7ee77fbc6afc1
48370955,A. Pacureanu,71f86f63df608c46d26654dc8f55e471f2dcaf41 79620ccf1992319f61e12c0264a0a6de19775cce
5749867,H. Suhonen,71f86f63df608c46d26654dc8f55e471f2dcaf41 79620ccf1992319f61e12c0264a0a6de19775cce
1953338,P. Cloetens,71f86f63df608c46d26654dc8f55e471f2dcaf41
7572514,Fang Wang,970bb299cbba832214e24aa7daa78228e9a6a62a
1387515373,Leyu Zheng,970bb299cbba832214e24aa7daa78228e9a6a62a
6840266,J. Theopold,970bb299cbba832214e24aa7daa78228e9a6a62a
49534611,S. Schleifenbaum,970bb299cbba832214e24aa7daa78228e9a6a62a
35857626,C. Heyde,970bb299cbba832214e24aa7daa78228e9a6a62a
6376928,H. Kamioka,56e998024ebefa8d45aa62783b369936fb4912f5
5969063,Yoshitaka Kameo,56e998024ebefa8d45aa62783b369936fb4912f5
2061598592,Y. Imai,56e998024ebefa8d45aa62783b369936fb4912f5
145868912,A. Bakker,56e998024ebefa8d45aa62783b369936fb4912f5
5976100,R. Bacabac,56e998024ebefa8d45aa62783b369936fb4912f5
2066331911,N. Yamada,56e998024ebefa8d45aa62783b369936fb4912f5
4441724,A. Takaoka,56e998024ebefa8d45aa62783b369936fb4912f5
46402577,T. Yamashiro,56e998024ebefa8d45aa62783b369936fb4912f5
145556453,T. Adachi,56e998024ebefa8d45aa62783b369936fb4912f5
1387465025,J. Klein-Nulend,56e998024ebefa8d45aa62783b369936fb4912f5
6321849,N. Männicke,79620ccf1992319f61e12c0264a0a6de19775cce
120312957,A. C. L. Augusto,4285af533cb28d117f0c49020949c0ece4f0798c
147796028,Paola Kuenzer Goes,4285af533cb28d117f0c49020949c0ece4f0798c
121286048,D. Flores,4285af533cb28d117f0c49020949c0ece4f0798c
2111023447,Maria Alice F Costa,4285af533cb28d117f0c49020949c0ece4f0798c
2152994802,M. Takahashi,4285af533cb28d117f0c49020949c0ece4f0798c
2156454154,André C O Rodrigues,4285af533cb28d117f0c49020949c0ece4f0798c
2156386187,Luiz C Padula,4285af533cb28d117f0c49020949c0ece4f0798c
6009109,T. D. Gasparetto,4285af533cb28d117f0c49020949c0ece4f0798c
1401224278,M. Nogueira-Barbosa,4285af533cb28d117f0c49020949c0ece4f0798c
34190661,A. Aihara,4285af533cb28d117f0c49020949c0ece4f0798c
2239760912,T. C. Lee,f49ff43666fbebf39a57e0bff73cab410b0d4e85
47463590,S. Mohsin,f49ff43666fbebf39a57e0bff73cab410b0d4e85
2239275009,David Taylor,f49ff43666fbebf39a57e0bff73cab410b0d4e85
2112951,R. Parkesh,f49ff43666fbebf39a57e0bff73cab410b0d4e85
2244278652,TThorfinnur Gunnlaugsson,f49ff43666fbebf39a57e0bff73cab410b0d4e85
2244225649,Clive Lee,f49ff43666fbebf39a57e0bff73cab410b0d4e85
2239818469,Fergal J. O'Brien,f49ff43666fbebf39a57e0bff73cab410b0d4e85
2244278564,Michael Giehl,f49ff43666fbebf39a57e0bff73cab410b0d4e85
2244280552,Wolfgang Gowin,f49ff43666fbebf39a57e0bff73cab410b0d4e85
2116964729,D. Taylor,f49ff43666fbebf39a57e0bff73cab410b0d4e85
120886380,Nicole M Sekel,06c604e412c9705f4ff10812912c2a790d73fc70
2248033081,Julie M. Hughes,06c604e412c9705f4ff10812912c2a790d73fc70
2220722074,Adam J Sterczala,06c604e412c9705f4ff10812912c2a790d73fc70
2248592508,Kelly H Mroz,06c604e412c9705f4ff10812912c2a790d73fc70
3170319,M. Lovalekar,06c604e412c9705f4ff10812912c2a790d73fc70
2248599020,Jane A. Cauley,06c604e412c9705f4ff10812912c2a790d73fc70
4337790,J. Greeves,06c604e412c9705f4ff10812912c2a790d73fc70
2542754,B. Nindl,06c604e412c9705f4ff10812912c2a790d73fc70
2199964273,Silvia Gazzotti,073ed527eee98929b52f2c53a063a60ae6158160
14160353,M. A. Aparisi Gómez,073ed527eee98929b52f2c53a063a60ae6158160
3078043,L. Sangiorgi,073ed527eee98929b52f2c53a063a60ae6158160
49060299,M. Fusaro,073ed527eee98929b52f2c53a063a60ae6158160
122417778,M. Miceli,073ed527eee98929b52f2c53a063a60ae6158160
34752501,G. Guglielmi,073ed527eee98929b52f2c53a063a60ae6158160
4107578,A. Bazzocchi,073ed527eee98929b52f2c53a063a60ae6158160
1390817296,V. Rietbergen,12a79579f90d4430de3ccca20fa7dae5b77f392c
3298361,Keita Ito,12a79579f90d4430de3ccca20fa7dae5b77f392c
1705689,Y. Chevalier,8555d58b948fd5903b5b0968b3c0694481af5e0c
2749890,R. Hambli,34b7e93fc9c6a33961d74c1ef7cfc7d280f87d9f
113236398,S. Oliviero,79bab37919df133e92f9032f072cf72771ccf981
49500614,M. Giorgi,79bab37919df133e92f9032f072cf72771ccf981
2143099068,Wen Sang,83008e9598ba96222326d1d27f9abfd4302dcbc4
48514036,Yihan Li,83008e9598ba96222326d1d27f9abfd4302dcbc4
80055917,J. Guignon,83008e9598ba96222326d1d27f9abfd4302dcbc4
1716676,X. S. Liu,83008e9598ba96222326d1d27f9abfd4302dcbc4
34671101,A. Ural,83008e9598ba96222326d1d27f9abfd4302dcbc4
145475231,K. Engelke,a77448d31417004dde45d75309c05a9d98216188
7369280,B. Rietbergen,a77448d31417004dde45d75309c05a9d98216188
2109921,Xiran Cai,e58af76db93c4d6bec95867ae5b7ee77fbc6afc1
143841144,R. Brenner,e58af76db93c4d6bec95867ae5b7ee77fbc6afc1
145552933,L. Peralta,e58af76db93c4d6bec95867ae5b7ee77fbc6afc1
2470873,C. Chappard,e58af76db93c4d6bec95867ae5b7ee77fbc6afc1
10362042,D. Cassereau,e58af76db93c4d6bec95867ae5b7ee77fbc6afc1
2042663746,Quentin A. Meslier,21977ff061970bb2ab914d9782bca8ca54004a0f
2245843666,Philippe K. Zysset,acfc96b5ef994ef3a5b13aa2ea9d9fff44e3919f
2150166987,C. Turner,26bb5fc74d9e293e158b0f7a3ea386d114416994
6547595,H. Frost,9a2e73fb18ba923f5fa1ef43698d12876d74734f
153316493,J. Wolff,28cef370808f86b50af9aba519233a30cfe71892
145623193,C. Palumbo,6b6e41fdddde3c93993302ed52e8c68489df0a7b
35153005,M. Ferretti,6b6e41fdddde3c93993302ed52e8c68489df0a7b
2024184,F. Safadi,6e8562667ea2fc42dc626a1f855d66830674ed8f
50235472,M. Barbe,6e8562667ea2fc42dc626a1f855d66830674ed8f
4786206,Samir M. Abdelmagid,6e8562667ea2fc42dc626a1f855d66830674ed8f
120354244,M. Rico,6e8562667ea2fc42dc626a1f855d66830674ed8f
40599357,Rulla A. Aswad,6e8562667ea2fc42dc626a1f855d66830674ed8f
5410052,J. Litvin,6e8562667ea2fc42dc626a1f855d66830674ed8f
4838804,S. Popoff,6e8562667ea2fc42dc626a1f855d66830674ed8f
51957207,J. P. Bilezikan,761d46cef4bcc8565d3a1a335e6a0359fd221e66
4044329,L. Raisz,761d46cef4bcc8565d3a1a335e6a0359fd221e66
2263716776,T. Martin,761d46cef4bcc8565d3a1a335e6a0359fd221e66
81958501,José M. López,82230284b897a76047c3fb4e15417138293278c4
